,Store,Arima,ETS,Theta,Metalearner
0,store_1,0.001915991409945536,0.0025048996443828046,0.002270198294381479,0.002089571618631115
1,store_2,0.0010827737729628849,0.0015280932400380375,0.00141896579630666,0.0012602505508671946
2,store_3,0.0014680579312405307,0.0006195396614241023,0.0006625883332679433,0.0009426985532564415
3,store_4,0.0007769552651805258,0.0013495201674364283,0.0010642672805945283,0.0009513189785721053
4,store_5,0.0005745028193149504,0.0006872694724535919,0.0007080029283008716,0.000634309118598924
